Feature_1,Feature_2,Feature_3,Label
0.6745401188473625,1.2507143064099162,1.031993941811405,1.0
0.8986584841970366,0.4560186404424365,0.45599452033620264,1.0
0.35808361216819945,1.1661761457749351,0.9011150117432087,1.0
1.0080725777960455,0.32058449429580244,1.2699098521619943,1.0
1.1324426408004218,0.5123391106782762,0.4818249672071006,1.0
0.4834045098534338,0.6042422429595378,0.8247564316322378,1.0
0.7319450186421157,0.5912291401980418,0.9118528947223794,1.0
0.4394938606520418,0.5921446485352182,0.6663618432936917,1.0
0.756069984217036,1.0851759613930136,0.4996737821583597,1.0
0.8142344384136115,0.8924145688620424,0.3464504127199977,1.0
0.9075448519014384,0.4705241236872915,0.3650515929852795,1.0
1.2488855372533332,1.2656320330745594,1.108397348116461,1.0
0.6046137691733706,0.39767211400638386,0.9842330265121568,1.0
0.7401524937396013,0.4220382348447788,0.7951769101112702,1.0
0.3343885211152184,1.209320402078782,0.558779981600017,1.0
0.962522284353982,0.6117110760894109,0.8200680211778109,1.0
0.8467102793432797,0.48485445552552703,1.2695846277645586,1.0
1.0751328233611146,1.239498941564189,1.1948273504276488,1.0
0.8978999788110851,1.2218742350231169,0.3884925020519195,1.0
0.4959828624191452,0.34522728891053805,0.6253303307632643,1.0
0.6886772896894819,0.5713490317738958,1.1287375091519294,1.0
0.6567533266935892,0.5809345096873808,0.8426960831582484,1.0
0.44092422497476264,1.1021969807540397,0.3745506436797708,1.0
1.2868869366005173,1.0722447692966575,0.4987156815341724,1.0
0.3055221171236024,1.115461428454834,1.0068573438476172,1.0
1.0290071680409874,1.0712703466859457,0.37404465173409035,1.0
0.6584657285442725,0.4158690595251297,1.1631034258755935,1.0
0.923298126827558,0.6308980248526492,0.3635583502860236,1.0
0.6109823217156622,0.6251833220267471,1.0296061783380641,1.0
0.9375574713552131,1.1872127425763266,0.7722149251619492,1.0
0.4195942459383017,1.013244787222995,1.0607850486168975,1.0
0.8612771975694962,1.070967179954561,0.7937955963643908,1.0
0.822732829381994,0.7275410183585496,0.3254191267440952,1.0
0.40789142699330444,0.33142918568673424,0.9364104112637803,1.0
0.6143559810763266,0.8085706911647028,1.207566473926093,1.0
0.5492922291488749,0.7103829230356298,1.0555511385430487,1.0
0.5287981654916225,0.376979909828793,0.589751452913768,1.0
0.4612212872540044,1.229697652342573,1.108120379564417,1.0
0.9334037565104234,1.1714605901877178,1.1036720768991144,1.0
0.48657005888603583,1.1925589984899778,0.8393422419156507,1.0
1.1074401551640625,1.1960912999234932,0.6180034749718639,1.0
0.41005192452767675,0.5279351625419417,0.7271077886262562,1.0
1.118014765922493,1.1607305832563435,0.3069521305311907,1.0
0.8107473025775658,0.717411003148779,0.5221078104707302,1.0
0.4198653673336828,0.637615171403628,1.2429097039125192,1.0
0.6232029320207553,0.818790621743366,1.003018958895178,1.0
0.663629602379294,1.2717820827209607,1.2624472949421113,1.0
0.5517822958253642,0.7972485058923855,0.6008783098167696,1.0
0.5848404943774677,0.3368869473545328,0.9095643339798969,1.0
0.8026790232288614,0.35147875124998934,0.5786464642366114,1.0
1.2082658859666537,0.5395618906669724,0.4448948720912231,1.0
0.789452760277563,1.2856504541106006,0.5420552715115003,1.0
0.9721355474058786,1.0616196153287176,0.5376375439923997,1.0
1.0282163486118596,0.6677831327192532,0.9323058305935794,1.0
0.9335297107608946,0.8357746840747584,0.3902897700544083,1.0
1.135302495589238,0.6207800649717359,0.4865185103998542,1.0
0.3407751415547639,0.8908929431882417,0.9775643618422825,1.0
0.31658782892785614,0.8120930582992809,0.526495775197938,1.0
0.9451727904094498,0.47436642900499143,0.990937738102466,1.0
0.6867353463005375,1.2367299887367345,0.43752094414599324,1.0
0.6410663510502586,0.41347352124058906,1.2246936182785628,1.0
1.177339353380981,0.5579416277151557,0.9599840460341791,1.0
1.1172222002012158,0.8552008115994623,0.8296505783560064,1.0
0.5418522909004517,0.3931027678058992,1.1972157579533267,1.0
1.2004180571633305,0.9331014572732679,0.6390297910487006,1.0
0.6492095746126609,1.0259556788702393,1.1971102599525771,1.0
1.1870864242651173,1.079875545857624,0.9420316461542877,1.0
0.3841399649950488,0.46162871409461376,1.1985541885270792,1.0
0.9064290596595899,0.30919705161662964,0.4014715428660321,1.0
0.9635017691080558,0.3050615838462187,0.46080805141749864,1.0
0.8487337893665861,0.9918951976926933,0.9519612595026006,1.0
0.5242693094605597,1.0121792213475358,0.5372490874968001,1.0
0.6253996981592678,1.046491405118024,0.9496328990472147,1.0
1.1492234104941779,0.9576128923003433,0.8683086033354717,1.0
0.39367476782809246,0.6677158030594335,0.5652023676817255,1.0
0.5439896433790836,1.2730105547524455,0.6930977246667605,1.0
1.1920465551771133,0.9311386259972629,1.0948113035416485,1.0
0.802637093105192,0.876903884626359,0.7925176938188638,1.0
0.4952429877980445,1.0224521152615054,0.5807723624408558,1.0
0.32431596643145383,0.9454722959071677,0.47711067940704893,1.0
1.2404585843529143,1.2539285770025874,1.2148643902204486,1.0
0.6701587002554443,0.3154566165288674,1.2283185625877253,1.0
0.7281841483173144,1.2666548190436695,1.2636199770892529,1.0
1.15300945546736,0.5944488920695856,0.6850977286019253,1.0
1.151136671516857,0.6169220051562776,0.4694927466860925,1.0
0.8568012624583501,1.236154774160781,0.9960297966749729,1.0
0.870061170089365,0.3971764937707685,0.9150072266991698,1.0
1.2900538501042633,0.440084015236524,0.8183296523637367,1.0
1.1773730719279554,1.0407686177542044,0.997015740995268,1.0
1.0024840839871092,0.6594911512197552,0.5935918442644934,1.0
1.1093611554785137,1.1101133946791808,1.1670723185801037,1.0
1.2132405525564713,0.8113423988609378,0.8015162946871996,1.0
1.0982951789667752,0.9499639307777652,1.0019668772577033,1.0
1.095792669436101,1.1900053418175662,0.6379951568515358,1.0
0.675582952639944,0.393981939840869,0.878280140996174,1.0
0.3359422737967421,0.7655980181324602,0.8426446347075767,1.0
0.5865412521282845,0.8908332605690108,0.3305002499390494,1.0
0.3373481887492144,1.1226005606596583,0.6601906414112628,1.0
0.42706051265188477,0.8222432600548044,1.0699935530986109,1.0
0.5158210274968431,0.9228904758190002,0.385347464993768,1.0
0.3516817211686077,0.8313546315681479,0.8406351216101065,1.0
0.9374299014982066,1.0260913337226616,1.2758520794625345,1.0
0.8163003483011952,0.622956472941246,1.0951861947687036,1.0
0.5708322512620743,0.7389714207056362,0.37845638134226595,1.0
0.3253507434154575,1.262648414677925,1.1359801205122058,1.0
0.995974206093698,0.7089529444142699,0.47329432007084576,1.0
0.45643704267108604,0.5502428981645953,0.8492266647061204,1.0
1.0145959227000623,0.9601973767177312,0.5799338969459429,1.0
1.2548652806631941,1.0378969166957686,0.8543540525114006,1.0
0.9117207462343522,0.7196000624277898,0.5477309895011575,1.0
0.6559726786512616,1.057846110464369,0.31439348862975586,1.0
0.4160726405069162,0.34600264202175274,0.3407288023189701,1.0
1.1554605840110073,1.0036578593800236,0.7741738290873252,1.0
0.39783416065100147,0.7916158751168323,0.7734717707805656,1.0
0.47320186991001517,0.733851649237973,0.6985047343973734,1.0
0.9158500980522164,0.9350936508676437,0.3453040097720445,1.0
0.6746126146264713,0.9258599157142364,0.8031362585800876,1.0
1.1564898411883222,0.9586936316189449,0.4629344270814297,1.0
0.37056874740042983,0.9424192782063157,0.3265113105416218,1.0
0.8857755812734633,1.2402302414249575,0.875474177875879,1.0
0.688169926206522,0.9432882184423532,0.7582528904915167,1.0
0.845616789315935,1.2414648087765252,0.6861026378007742,1.0
1.2611905638239143,1.2053506419560638,0.49579113478929643,1.0
0.36936130087516544,0.40077800137742664,0.3182218256515497,1.0
0.3944429607559284,0.9830067734163568,0.371188648460229,1.0
0.6189756302937612,1.1448753109694545,0.32327193573582585,1.0
1.1144684825889357,0.5818547747734,0.41816482762165624,1.0
0.9967371653641506,0.9289428467798839,1.1774720135270529,1.0
1.0350710438038857,1.1034809303848485,0.5820345725713065,1.0
0.4774395437797228,1.0506147516408584,1.106834739267264,1.0
1.2905051420006732,0.7126176769114265,0.6720180857927831,1.0
1.0764129607419968,0.6408035402530179,1.2307573256035647,1.0
1.1584127518430118,0.7289940273750184,1.0508710677914974,1.0
1.0545428740846823,0.4031238688359326,1.2025529066795666,1.0
0.8052523724478571,1.1264574661077416,0.6200496010306118,1.0
1.1955232284962005,0.689201678734163,0.31083765148029835,1.0
1.2053819764192637,0.39128667678613355,0.6193136375904149,1.0
1.2500619670508049,1.2506071469375561,0.873437888123286,1.0
0.9318372121697993,0.7484455219783197,0.5932107716980646,1.0
0.628664545369916,0.9725184560770384,1.05237452943768,1.0
1.0915790437258486,1.089618142794554,0.39120610304869036,1.0
0.7944203047025815,0.3575587600166443,0.8495288823237355,1.0
0.7415305013733771,1.1877041827582997,0.6509150125520786,1.0
0.41706701642760585,0.44299168205283584,1.0615106317174723,1.0
0.9182180633162611,0.40112267612279023,0.3841068061149974,1.0
1.00096913145912,0.3727630063641935,1.1218600592903563,1.0
1.0062422271564961,0.38134878064189975,0.3848377140851919,1.0
1.2866395785011755,0.6742707957561203,0.6706421470668908,1.0
1.1127995672575026,1.2472485773838586,1.286001063822871,1.0
1.0533781852589417,0.6762595855309157,0.38350071669866875,1.0
1.0771469159274367,0.8584042497358051,0.7242220092469762,1.0
1.206354385094736,0.41119748230615133,0.7926251042908592,1.0
0.31135364476741906,0.7686606419941262,0.35630327568183734,1.0
0.4188179162680719,0.41752624677710487,0.9492103021160636,1.0
1.0460448792654233,0.8833687650971596,1.2621725484745419,1.0
0.674870579523704,0.5857120862818608,1.1685991281894603,1.0
0.5235958385194526,1.2632225394406114,0.31215447468981633,1.0
1.269878826707639,0.3431599119505761,1.191143113698071,1.0
0.8277011090862998,1.2929647961193003,0.37379656473539885,1.0
0.8538542844013208,1.269302535619099,0.8230978441701489,1.0
0.9293986381352626,0.9957486889846172,0.7545410647677733,1.0
0.9275580800840635,0.8843143119231003,1.201158010490989,1.0
0.34544638034145786,0.5809631895922303,1.2504114840765588,1.0
1.1902637838909162,0.755656752785713,0.9201325978015367,1.0
0.5773811829811326,0.4881211597237613,0.7636984049399822,1.0
0.6533522280260529,0.8836561118508721,0.3777346369649848,1.0
1.2743948076661664,1.286210744479603,0.9981617140197452,1.0
0.8360963663441203,0.6095276162863277,1.1137950197069486,1.0
0.9847311725538792,0.4626169393448913,1.2109271844938425,1.0
1.122537242923169,1.249799913291924,1.02571950838836,1.0
0.9134151959357899,0.7182430362906189,1.2327284833540133,1.0
1.1660638895004083,0.3452186701061894,0.326366974497252,1.0
0.6764633668780495,1.110553330781833,1.2872761293149444,1.0
0.45041689110352817,0.8941307153521352,0.6808908566310214,1.0
1.2699143978146032,1.1421189231357087,1.138328704711138,1.0
0.7686931597949702,0.7148195023376651,0.5734070719307063,1.0
0.3563754966509271,1.1647223762550531,1.1129010091300775,1.0
1.2997176732861306,1.2966368370739054,0.8554317056026275,1.0
1.0689874151805105,1.244765729882428,1.1496473906774114,1.0
0.5473481017431976,0.7505441353100935,0.42915941515149497,1.0
1.2540510272587224,0.9061746344508801,0.5286428055034627,1.0
0.9717006844058567,0.9181282404578959,0.6581627180328404,1.0
0.413557592199629,0.9715731955927995,0.8203077009037933,1.0
1.0723183917356394,0.8201635011119934,1.15218150031854,1.0
0.8519068387744855,0.8609379715353862,1.176653602658345,1.0
0.7034828662123971,0.4340152284506407,0.32878267631333896,1.0
1.055137255673619,0.9203095513534647,1.0040797680992235,1.0
0.5129641615089107,0.43637147558676975,0.3145446656678819,1.0
0.650587558806597,0.889917686854633,0.6922440450997323,1.0
0.7374749220237291,1.2041586944937483,0.6482554670233003,1.0
0.8139894891598107,1.083653012741143,0.6965427823212702,1.0
0.9220867002278734,1.162363708746745,1.2495206236576422,1.0
0.4470734809290379,1.2265876251614944,0.7921162930795382,1.0
0.5582443882989583,0.7591357562382612,1.280032575285477,1.0
0.7926180939928695,0.6287516102875081,0.9334008543167258,1.0
0.540145618778193,0.3758633281086639,0.4288797219106492,1.0
0.42804583895777243,0.45190269351229434,0.4388271726494101,1.0
0.9408747448032146,0.4818800843991448,0.6456672833238633,1.0
1.1967884099060118,0.7739616402628724,0.9675577385210272,1.0
0.4723198712016298,0.49228901880867076,0.34086861626647885,1.0
0.46893506307216454,0.5785903390319587,0.4770104842767468,1.0
0.3887025337570556,0.4206358711006008,0.7607787680327258,1.0
0.5063337184057926,0.6642698610480755,0.8034172708548568,1.0
0.9903948286293653,0.3393121398410989,1.0994103989090427,1.0
0.9279003894909077,0.3817590319488719,1.1735786241067772,1.0
1.2208724005318132,0.36107795985486374,0.5768776481472038,1.0
1.1062012797930614,1.0482596903836583,0.4845210193563773,1.0
0.5093493233367103,0.670472102791382,0.7845229851910214,1.0
0.918254771530296,0.6689136395697723,0.7625347161331479,1.0
1.0474709381337566,0.3366832028905979,0.5524369443440207,1.0
1.0133495858845525,1.1952068376871994,0.8116774421156661,1.0
0.8321134852653156,0.40717201133977604,0.7474123668234547,1.0
0.8326172664550231,0.5424705036347297,0.5692432309493809,1.0
0.6772841631046227,0.32007119777772636,0.6220791655831783,1.0
0.5114480069965446,0.6274973521779146,0.4197621318192512,1.0
1.190527280739895,0.8935924535540487,0.9791023191444896,1.0
1.0891712386073382,0.7984421989290573,0.3869202880874237,1.0
0.8371065418185477,0.8868411180208791,1.04543947418433,1.0
0.7316595462296793,0.42758030279556375,0.5837759057987244,1.0
0.6630822963986351,0.9459172413316013,0.8707783046689119,1.0
0.6560967258978463,1.2865152487929796,0.9057748193568871,1.0
0.5372267917359945,0.40178247262040373,0.452859139184332,1.0
0.5459577283845081,0.46068137325955566,0.48656702405130575,1.0
0.585095168693847,0.4733735952947548,1.1967654246264252,1.0
0.3802337456616422,0.8245113895702547,0.7103968269896614,1.0
1.2823786169086064,0.41203890216805233,0.6978555990457416,1.0
1.2694704332753688,1.1655071258939802,1.1170720709492798,1.0
0.5579028270449398,0.4708875873900658,0.968643219924431,1.0
1.2293759891275857,0.8567628930139297,0.8716126894698999,1.0
0.5799790936602842,1.069492933191937,0.48704374855752336,1.0
0.6236792364042436,0.7254364386164167,0.8076103786844551,1.0
0.5424097324150803,0.4148368247392035,0.9106200424416326,1.0
0.5886305532402558,0.8812382214226122,0.4543627152742023,1.0
0.7811401018548174,0.8325894325515859,0.3518235368224269,1.0
0.6366042781939205,0.43441467693897423,0.36337497047276773,1.0
1.2899602323899453,0.622353844974723,1.1098744458546348,1.0
0.5546406547637639,0.9815027222239292,1.0602278598896866,1.0
0.8956387406078443,0.7715761885501584,0.7118409141472686,1.0
0.6488682665429952,1.2295291442478258,1.1306194077877292,1.0
1.2650269106665126,0.4242972234855447,1.0308674752036442,1.0
1.2383404568210379,0.48123306616566014,0.3664962673667775,1.0
1.041120649290059,0.8744731131799119,1.141828776758272,1.0
0.4397723766262895,1.0952673118598901,0.5016273200477446,1.0
0.4636559428657045,0.46426579793099293,1.114574720231382,1.0
0.9651972206962001,0.8230654247691194,0.6588304841235024,1.0
1.1772005408131083,0.6924451074226354,1.116599439471577,1.0
0.7391349085702184,0.6769444294249076,0.7626797856696064,1.0
0.601377874164142,1.0476093801762512,0.8027203900924791,1.0
0.5322126951468173,1.1995745732745684,0.6838912213732113,1.0
0.8435528611139886,1.2064721109645469,0.9242379959139921,1.0
0.41689804070836406,1.239832123613475,0.9277080530714179,1.0
0.6349056146570862,0.43927207266338725,1.094025189270296,1.0
0.9200727559285136,0.8334610919763215,1.1938925830509577,1.0
1.0885972112245308,0.45167487973275117,0.6117220677955482,1.0
0.5484891398144658,1.043946292572677,0.33353243473577937,1.0
0.8698896848713165,1.0624586857406906,1.1767656367617494,1.0
0.6420817487159074,1.121257304672013,0.4106317369552072,1.0
1.1464522917345181,0.4274886623319824,0.6972872905603673,1.0
1.0972953657795537,0.44991742734877377,0.5292513952326414,1.0
1.0222525683930663,1.0200365365460744,0.9411476328852972,1.0
0.9939484444671001,0.8427244433475962,0.5517990589069528,1.0
0.6456959935039195,0.48159771680142566,1.2084505613336283,1.0
0.8833917947661205,0.7008514167636399,0.7620058036441326,1.0
1.2472833396118153,0.4533514031160802,0.8862298320167972,1.0
0.8058886788844659,0.9114542354346478,0.3181101838208405,1.0
1.1721239089441515,1.2321182824836123,0.8651331835892089,1.0
0.9966508238768923,1.2224993811772957,1.0072386343133986,1.0
0.45253904291426134,0.8762883601668132,0.9067150463828559,1.0
0.7241306713023861,1.0364442356247228,1.234367014769015,1.0
1.2255685129067764,0.7508393714041321,0.41323804584075524,1.0
1.2848411989623345,1.1388980864459342,0.42466268120326683,1.0
1.2208418826173724,1.1698963620621283,0.818838057126072,1.0
0.8912754357449293,0.6990027038701303,0.3547616388220313,1.0
0.6351972416459009,1.1028534485980115,0.30463202300460285,1.0
0.6334991716911442,0.6981686935909432,0.8373956029379228,1.0
1.2198556164127605,0.6463459943659613,0.6469532018962276,1.0
1.0375012481097483,0.7522179408898071,0.524604822939982,1.0
0.7524395161326933,0.44085702037979985,0.4763869865062233,1.0
0.7983677727394798,0.7189254495045478,1.2148459010681,1.0
0.6623938991166332,0.8805883502780434,0.9322642879195304,1.0
0.3130944565883336,0.9635373720167106,0.4780359668697514,1.0
1.261070317469455,0.44866272775311294,0.7146241237270237,1.0
0.38534966807864385,1.2968742518459473,0.8021950103312425,1.0
0.8953850173200437,0.36707647738842747,1.0499604703991778,1.0
0.5099055930955858,1.1980542894407138,0.5051396404820072,1.0
0.49068772066366656,0.33654966784809487,0.7720669451099993,1.0
0.8648411332626165,0.36570863942835236,1.0755276166950105,1.0
0.7532888347480275,0.82439026932758,0.7407627469382281,1.0
0.7007630608753259,0.8596403313082179,0.4552402459307125,1.0
0.4819281304952711,1.1617856210135173,1.2461154621336328,1.0
0.673309316279753,0.5707446731435537,0.9439995432390158,1.0
0.7087341710980963,0.32538635566034485,0.45615259736619035,1.0
1.0159722288473976,0.9589239419101514,0.3270959925034835,1.0
0.5219721619329494,0.5310747965880713,0.9718927435987283,1.0
0.31971053775436414,0.40410858198457383,1.0999160853731893,1.0
0.4785446620543336,0.9527461078518746,0.5381827810467266,1.0
0.39944139275934515,0.543172190999454,1.0222669318556592,1.0
1.1556964681062858,1.1302198645669916,0.6971835296184548,1.0
0.9680851365706462,0.504984295415821,0.5931477302610133,1.0
1.1963358185211197,0.313001923510736,0.38550853085446807,1.0
0.5078862551460273,0.3265322038738197,0.4814354350897973,1.0
0.8830415609696922,0.7214245505924979,1.192671711076975,1.0
1.1174435617384408,0.641817351697876,0.5594234334312924,1.0
0.6796924081672668,0.8902949425148077,0.5680636408228763,1.0
0.9241489078491341,0.7094116521912404,0.8520471808519803,1.0
0.7361265291353167,0.5944657595419176,1.2484533069621566,1.0
1.0636057941597608,0.44011317576645254,1.1684679758979128,1.0
0.7874311982495137,1.1945522268940914,1.0998552559473151,1.0
0.7252135044692334,0.3224693083201174,0.5686773593849461,1.0
0.8416342146608669,0.9334782198261473,0.5578876854332022,1.0
0.4393560740728241,1.134930236799299,1.2844021807035522,1.0
0.8256901823026859,0.4716792858483035,0.572307326519369,1.0
0.3183906765474667,1.214298806560499,0.4177510828901411,1.0
0.8765164755142536,0.574055220687206,0.8541780025157935,1.0
0.9514203883518642,1.1297418037072016,0.5064212717606031,1.0
0.31099582865848047,0.43688563006880726,1.2000186418481051,1.0
1.1738900775625152,0.8974131021703082,0.9005168604336533,1.0
0.9650366745462555,0.4753712786234496,1.2144119459249598,1.0
0.718770524892073,0.6831385282494975,0.8189177052828376,1.0
0.34696596677505503,0.4662833687560794,1.0380336164263704,1.0
0.38279866792512646,0.9031521094663881,0.545349109681321,1.0
0.6892956140419766,0.5886937367706999,0.6556727164649492,1.0
1.0190459051842455,0.597121715623175,0.8664046402968972,1.0
0.7760504021990997,0.9636711653626482,1.236829739324758,1.0
1.0325720972102503,0.5149403785907567,0.33118313506128466,1.0
0.562264044299825,0.8950779307002548,0.35142581348425034,1.0
0.7963662472012363,0.8968428489168891,0.6342438908169608,1.0
1.0709122037458219,0.4065982531337718,0.37513778173580875,1.0
1.0281887562036034,0.7954913162061985,0.988402396427736,1.0
0.7348273386037463,0.5464020332391069,1.1191023176741997,1.0
1.0994158789689792,0.9946964708544268,0.5721451372299626,1.0
0.8902306668690871,0.6609738969400267,0.39158207332663414,1.0
1.2173135754622428,0.4368186309189614,1.2502373538208025,1.0
0.7460057729579557,0.48513292883861964,0.8419009473783581,1.0
1.1729458358764082,1.0322248864095611,1.1065611478614497,1.0
0.9587833667107173,0.9922765645178524,1.1491956515653192,1.0
0.5496680088591859,0.7894249636431405,0.5212094418196023,1.0
1.287668007996647,1.2440593396866133,0.3394268113685059,1.0
1.0055751725156885,1.2252483174156659,0.4805753451273335,1.0
0.8679452305526294,1.2154882975880419,0.33394597858579883,1.0
0.99742026724684,0.5973490073725507,1.2243961953765303,1.0
1.2710582451653678,1.2442664891134338,0.7742142166574637,1.0
1.1620426509893134,1.1445493985350703,0.6191004732432557,1.0
1.1289154741506773,0.3370076347154926,0.8962698784820531,1.0
0.530008837287703,0.4205668857772788,0.37695320162920914,1.0
0.9962887758781398,0.6398749637680661,1.0247667715287614,1.0
0.36535634079894236,0.6152903378306103,0.8394912923753373,1.0
1.0907231648389635,0.61875250293207,0.9258913764370091,1.0
1.185977748236187,0.9158631881823045,0.5329594747536337,1.0
0.324400781556538,1.17009887390093,0.3212694108503871,1.0
1.1747016726841994,0.828937134027212,1.239067698512896,1.0
1.0987832357736653,1.2979341105333375,0.6507118154517102,1.0
1.0671882889311268,0.7019309136092422,0.7798756203039088,1.0
0.9275054632183701,1.1736771141863387,1.284083469199295,1.0
1.0682734138645182,0.7177667821673337,0.7213570022770701,1.0
1.0375823015888914,0.5387771457683024,0.41047411313139465,1.0
0.6546221576407765,0.5872389916540817,0.5963081204559901,1.0
0.53360775104991,0.34209318963636187,0.3178739347334138,1.0
1.2877223897360315,0.7277731337358624,0.6843266471596816,1.0
0.9796472826930698,0.5182538878650642,1.2499611839502254,1.0
1.086345014415552,0.3894110023122595,0.7175807757849284,1.0
1.1791183075621647,1.2447320222914102,0.7674015112498698,1.0
0.9134113892107076,0.4670339460920752,1.2911686261369766,1.0
0.5316717013834433,1.2427317741351256,0.9496466489923685,1.0
0.907736794878859,0.8126885110165085,0.5306698117177586,1.0
0.47652803200550825,0.5204862090701754,0.4864382621442545,1.0
1.0795844735667532,0.6501252591667301,0.35784267656339636,1.0
1.2691026301408113,1.1837858849634257,1.227752283195213,1.0
1.2949078226464352,0.4738952492194873,0.6962420189026588,1.0
1.0582384757040912,0.9960206180537923,0.45389590633985505,1.0
1.1158331249906177,0.5244405718366607,0.523817614822623,1.0
0.8369744228934135,0.8929399348417031,0.8800862078378111,1.0
0.39148683739775486,1.1774608626303804,0.565600042588706,1.0
0.42951492128280416,1.1887480798689771,1.2556514982297533,1.0
1.1621276172654507,1.109516074724878,0.9552419806390218,1.0
0.8508573706091394,0.3869867599114101,0.7084532130706986,1.0
0.672688517012314,0.5597537837603261,1.023420113688585,1.0
0.7958757350787709,0.3810462159076479,0.5201832019498114,1.0
0.983258763659596,0.3761308594903002,1.1512069140487686,1.0
0.7951465270139744,0.780586577326648,0.8924077846595175,1.0
1.124680965925149,0.6478092079021931,0.9780161525590636,1.0
0.865731963995791,0.5670282701694214,1.178629986355158,1.0
1.097426021606928,0.9584518346584254,1.150581729094242,1.0
1.1672942009598024,1.0083629767150348,1.137013328363672,1.0
0.9974714616692837,0.9801407717603003,0.9186113782151843,1.0
1.0527166395576413,0.4586051052930737,1.1808707591989285,1.0
1.171843527745232,0.32924728303455914,1.1258167505647627,1.0
0.4288698674734452,0.6351188542591419,1.0435082562916078,1.0
0.4607598960483082,1.1179670241190622,1.1321341779577418,1.0
0.8074677337608362,0.30638587171683357,0.5870381331749128,1.0
0.9169269183757423,1.2811861780274234,0.9318135270166683,1.0
0.5598035810641597,0.9340057030996114,0.8399853797158554,1.0
1.0798453951511435,0.4069806388269584,1.061027902502028,1.0
0.8412665786761102,1.2629920038589946,0.6418721660386861,1.0
0.932621893133948,1.2320281055100175,0.40250972799067924,1.0
1.2372284872364512,0.9878857223008133,0.3678370591051719,1.0
0.6009635669468163,1.0081720886452816,0.3673506014687717,1.0
0.8821704601762732,0.6458830569529568,0.920915517767477,1.0
0.34574203381251284,1.1715368061523763,1.273488969177397,1.0
1.2688778552856914,1.0496518317429246,0.43008624013063196,1.0
1.0582631959290225,0.3245869164588015,0.32212355152899724,1.0
0.6236102191495412,0.7886431904046658,1.0704074178077931,1.0
0.9832953766065051,0.7459027063767483,0.5736266662816658,1.0
1.2971245001577112,0.7261813022359729,0.7513870243296754,1.0
0.46362382119166917,1.0948095487499294,0.9936822257814886,1.0
0.5207696127887604,0.3823810456158427,0.980499302074713,1.0
0.9545112142811352,0.5732595269982093,1.2508635622504103,1.0
0.4510578917809002,0.7323348010426018,1.243615920167599,1.0
0.7197273169261222,0.9385259476640855,0.6975943979627943,1.0
0.57421520234867,1.2839776479598282,0.7093340063150431,1.0
1.1940992036791345,0.5299546058910862,0.5131047040250833,1.0
0.33113408288451135,0.9516668253758851,0.6685263437237612,1.0
1.164358249839637,0.7732099066915572,1.2681934279147218,1.0
0.48552551570312114,1.1686231679556107,1.0765968527917418,1.0
1.070921844644052,1.1447832281168877,1.0610239909429988,1.0
0.9262203216314153,0.43124487768238756,0.3325261794912519,1.0
1.2208478478156868,0.9166503145207381,1.0965372909761764,1.0
0.78152235151255,0.41730818896239447,0.4251857922025504,1.0
0.9855652872289713,0.7303058948994627,0.5005247267003368,1.0
0.7915945467414369,0.3642089370751341,0.8819714019143987,1.0
0.5689934044350977,1.097559100637188,0.6103619589235738,1.0
0.7552201490818011,0.3116205399081006,0.37244688779455887,1.0
0.6924935564066848,0.7799388347171234,0.9000205481193038,1.0
0.5916625787093033,0.9949818861265425,1.1601223971892045,1.0
1.0798509888933499,0.33961882534835713,0.780506947257829,1.0
0.40493017841817486,0.5420450158625274,1.2866625932671465,1.0
0.4424955429015132,0.7988881534513561,0.918155734318119,1.0
1.002464970544104,0.8596486834869141,0.30977084741918365,1.0
0.6264613082439918,0.8177116433847114,0.38786649914483334,1.0
0.6506269312091808,0.33320310879136655,0.37857849715502073,1.0
0.696923276201596,0.43271575404306034,0.8675408482615581,1.0
0.9894649691372657,1.100586699109083,0.50015024424481,1.0
0.46748258225906975,0.40456784033440024,0.9364302495436367,1.0
1.006475726486901,0.331586144825642,1.2362122462436897,1.0
0.3519712836514724,0.8412963353010705,1.0090605194509163,1.0
1.1709691237460855,1.0140869321324277,1.1017280830697918,1.0
0.639450192542806,1.1148251137465122,0.38011484638467513,1.0
1.1948166560605276,0.8475923761537363,1.1172977699624937,1.0
0.7523182845183001,0.9435776951965249,0.8264026609361133,1.0
1.031589521755332,0.38162998203058957,0.3603520839905638,1.0
0.5471032340101465,0.45954468011318833,1.1717835665922016,1.0
0.5192139873580444,1.2758652558191312,0.6368957917711069,1.0
0.4821179156886993,1.0896985071424792,0.9587077755008762,1.0
0.798195716453139,0.8553635509376312,1.0192017782722638,1.0
0.5284547413312988,1.296333916056742,1.2747931621467832,1.0
0.9503256863469369,0.4995424509291451,0.9802282424312914,1.0
0.37219840897917583,0.33065250220580605,0.5576828885112137,1.0
0.7626229567393163,1.1682725054083805,1.027169069766308,1.0
1.042706521199981,0.7254933344480754,0.6459349925469628,1.0
0.6710387629846026,1.2876495637360579,0.34010919141248247,1.0
1.1670314961224486,0.8786754085723933,0.7386154191895904,1.0
1.0252576604151364,0.7866689414247028,1.1734232380816605,1.0
1.2007018640112586,0.7217209268734555,0.5768277972350515,1.0
0.8923503285933623,1.212363345616691,0.5106621890056666,1.0
0.9229665835634828,0.9315602200925206,1.033113022415281,1.0
0.4315676851272598,1.0158249646820885,1.209032520665641,1.0
0.47968310887024196,0.5375433249238777,1.2713950940416396,1.0
0.48097695270948976,1.1543850933695792,0.7922778564480348,1.0
0.547231074403177,1.1707499012725113,0.7453052550026655,1.0
0.8148173539296901,0.6592333693997656,0.8929508514349274,1.0
0.46352387258502276,0.6910815366517606,1.2694123223352876,1.0
0.5581334327011276,0.9567366645412922,0.6251900642246948,1.0
1.0734731256866006,0.4308736607183498,1.2698210450785448,1.0
0.7537895413836393,0.536050463346464,0.37349674733001265,1.0
0.46975790508754073,0.8197739485560176,0.6370031764312862,1.0
1.1288833658826094,0.730887523661806,0.54871427258763,1.0
0.91714498660403,1.0067772168854459,0.46704190790094985,1.0
0.46761921628831765,0.33667142693354296,1.0364020150656406,1.0
0.963804527621805,0.7746308757498139,1.144170448969197,1.0
1.1056701529500532,0.8853543643967521,1.1682712805132587,1.0
0.5058412100367682,0.41191961939772787,0.5697496115169896,1.0
0.35708685608931484,0.831169528001032,1.2366056922949615,1.0
0.33934354066850964,0.4221099140100268,0.7521990282834352,1.0
1.233875017527905,0.6161561049767506,0.8072348086883925,1.0
0.3415728590503921,0.44834320096208885,1.2866301229588468,1.0
1.2651186964360455,0.3049399809344096,1.251811785423239,1.0
0.9391199378155004,1.1679182945200222,0.7547398556338591,1.0
0.8155960285792503,0.7888465802569202,0.9668642575461044,1.0
0.4396512547563129,0.32997358987267794,0.607929941591191,1.0
1.0046807627366467,0.5018534521229483,0.9734324333249174,1.0
1.2699120461072704,0.3939007157894184,0.9726021182251263,1.0
0.7437502193045711,1.1681422543775053,0.4771497894473859,1.0
0.9926259522261645,1.1381152896481102,1.2446142194740233,1.0
0.9832480282896459,0.7971747640084272,0.9178472402012139,1.0
1.1689049844787183,0.8706097466388296,0.33038705969683685,1.0
1.2309486955069777,0.9895267510315611,0.9765133857772466,1.0
0.5156751523977172,0.9588854702326572,0.6938644056541585,1.0
0.951232977041492,0.4065930303079907,0.957845304603036,1.0
1.2994137257706666,0.348212038860556,1.2771741842213173,1.0
0.7069079607228705,1.1707534503372592,1.0823854840582734,1.0
0.8670162609866678,1.0384492092513264,1.1785155613013478,1.0
0.7041403216510329,0.6270331615632387,0.9675933855635848,1.0
1.1078459419412585,1.0622851347766158,1.0978136488586345,1.0
0.7355833148129329,1.1178342161750217,0.42020905537060843,1.0
0.8444890979608495,0.30575866049812156,0.6245858299002702,1.0
0.6664615348713978,0.6961726916092554,0.9954672066898622,1.0
0.6885581012703457,0.7486936226225307,0.5375441308743274,1.0
0.6732517916293401,0.5272696272631514,0.3731959237684436,1.0
0.9034485933813778,0.9682127985550162,0.9194903460096144,1.0
0.7634940438005724,0.6797857801792297,1.1633336495718252,1.0
0.21908178513621807,0.17918187762973098,-0.2743579341935643,-1.0
0.041247827626156364,0.08019561878585707,0.0988227808969005,-1.0
0.2801723692273323,0.23360254672687847,0.30790509279344463,-1.0
0.4648832615421283,0.5129857387160934,0.4181230762264944,-1.0
0.6555236959549346,-0.28176741732363836,-0.10422201431645389,-1.0
-0.29243712502185787,0.347474714154603,0.5980305489499869,-1.0
-0.056517703423700716,0.6270345447963066,-0.23973260971043914,-1.0
0.6344360268055143,0.051622687239634424,-0.19857917155078347,-1.0
0.18587175918632565,-0.04322343227949205,-0.015127098038077158,-1.0
0.007289964926286585,0.5030258978326634,0.2391612766752545,-1.0
0.011307699156003659,0.3103337833109184,0.4161506742231936,-1.0
-0.027375999266466222,0.11354910152535153,-0.17811390666305243,-1.0
-0.11885065046531967,0.3811178539649828,-0.11856165230437304,-1.0
0.22516338366706018,0.4090462617224327,-0.19312307690525615,-1.0
0.26731221962890356,-0.04343721629863623,0.6629268752375799,-1.0
0.18354564671992474,0.5059925497751581,0.2502265421562618,-1.0
-0.2565874671451808,0.33315137559402236,0.651403342206657,-1.0
0.3016118201463312,0.5191888594267902,0.5842064633484079,-1.0
-0.07192022805106751,-0.08795516009177334,0.31098098885099174,-1.0
0.11102846980670472,0.5398613028667203,0.6000231233980111,-1.0
0.05342137930271812,-0.06312944102551793,0.48052551524386183,-1.0
-0.025193964451863893,0.5226143185136785,0.12373825364876284,-1.0
0.36754989929147047,-0.2044646861653318,0.323859324676573,-1.0
0.15176767873722913,0.2866084631754741,-0.13198579225513657,-1.0
0.43687374494418213,0.5627970775432285,-0.08326019990922434,-1.0
-0.20428544447983826,-0.2763614139536636,0.341971500443266,-1.0
0.3070940360887808,0.24669741271407003,-0.06805290388402457,-1.0
0.09090599590551468,0.29447633518617305,0.1967668588591694,-1.0
0.6877855202148873,-0.16356024744326686,0.3951445540475938,-1.0
0.10431876810429214,0.12819961492561477,0.41759776565817625,-1.0
0.39243615132436965,0.6912559937021883,-0.17160571054587476,-1.0
-0.19589035061583365,0.42433881712874116,0.2783869170064091,-1.0
-0.025839333440194123,-0.22058063101101338,-0.21434175040356945,-1.0
0.5941908746641182,-0.10813267528125708,0.023371562115520772,-1.0
-0.07334359777301197,0.05499630583193732,-0.23057615725390662,-1.0
0.21905979090827038,-0.2323874364077851,0.5003565078223615,-1.0
-0.06628791808956697,0.2400119146045106,0.5800790875614583,-1.0
0.3508773690471942,0.2329577865513353,0.02433375311537561,-1.0
0.03300191305819794,0.36948695519819014,0.6941393612211675,-1.0
0.36183918984937863,0.2577834173700249,0.4306505102392461,-1.0
0.16520561228371816,-0.23985765739921477,0.2622968158779098,-1.0
0.6576252845053803,-0.12469705764234035,0.39000489082066575,-1.0
-0.09906631134094351,0.23582768447308128,-0.20332355035328037,-1.0
0.15037093625818515,0.4561633288952461,0.04757152423898209,-1.0
0.36491172448721804,0.4954499607897292,0.6271778194794526,-1.0
-0.06535791814454645,0.09931591580930815,-0.14758398666958256,-1.0
0.6924835021583753,0.6270009679242954,0.2399571302805596,-1.0
0.5420332943764212,0.2209579772720422,0.3235856880027597,-1.0
-0.21087556788398337,0.45527042049680794,-0.17228651636476516,-1.0
0.5260676302525285,0.4820280876703859,0.40874469774297645,-1.0
-0.2638396194752379,0.0031283559453286203,-0.036887430089157125,-1.0
0.060136407471519104,-0.21235725323616145,0.6369578230310629,-1.0
0.2538022407123763,0.005524310658023557,0.09698151707428343,-1.0
0.14720254050483567,0.3005943333606173,0.21567942769649778,-1.0
0.6193919732144173,0.19696348290583027,0.6921580148233126,-1.0
0.5514249577450958,-0.09148948564266418,0.6305952146439162,-1.0
-0.1836336021145239,0.5174497084911915,0.0806232934765801,-1.0
0.5779743204450696,0.5680566901074504,0.5059254001176212,-1.0
0.4900304363070614,0.0046791390980407965,-0.2190807169487478,-1.0
0.10298017876516147,-0.12647548501349132,0.3949510889024617,-1.0
0.046099726537785546,0.675610200859915,0.340972077345332,-1.0
0.522480563634361,-0.16747532725815156,0.5620144822726225,-1.0
0.6227571905133944,0.1870619188189359,0.30625293775097745,-1.0
0.46480980090299545,-0.12516137273958744,0.20256607646344243,-1.0
0.09866302777231312,-0.15362600783775088,0.06753442229153145,-1.0
-0.23182769061450642,-0.274188093050513,-0.16483371084517723,-1.0
0.6631151115891738,0.24952953589501697,0.66582216115322,-1.0
0.132497878330132,0.011816133085259584,0.2061418628402441,-1.0
0.13951168863291014,-0.19433531573825608,0.34082631469020624,-1.0
-0.08396181749040038,0.3195879548978296,0.3502010923981534,-1.0
-0.14797514687135188,-0.23865037288933183,0.48076158606843983,-1.0
0.1598004237693202,-0.2418362044945242,0.6948663171697671,-1.0
-0.24221943900363335,0.3950352288585532,0.6836789252634137,-1.0
-0.060819895784074374,-0.1577506313128038,-0.1786150605775711,-1.0
0.00327514756759556,-0.1989541889893533,0.3921613416941319,-1.0
-0.2377082018699373,0.20942212814978972,0.6966968538529767,-1.0
0.5139702695060189,0.3152194382310109,0.00625362078661168,-1.0
0.3238958362916385,0.22704146391165164,0.1260833838903715,-1.0
-0.16928962325980051,0.5866042152404667,0.14978464882132253,-1.0
-0.10537748817923492,0.06775935087728963,0.11412975252892704,-1.0
0.5275378955668744,0.43361438056140206,0.4693048936413398,-1.0
-0.2889687355713528,0.11615399817976152,0.18134415163532364,-1.0
-0.2808077231769433,-0.04018679125496577,0.460289823122135,-1.0
-0.16289029427100093,0.23531013145259166,-0.08479812798276248,-1.0
-0.2878792253561067,-0.05879854240045851,0.6758737549100537,-1.0
0.5015371118829897,0.6595766443210334,0.18785404392636246,-1.0
-0.19026380132249648,0.24795948897369297,0.1543773345599609,-1.0
0.544357082739616,-0.2019174192157554,0.1882411370217782,-1.0
-0.14995133530601573,0.024675926890059985,0.43735707738779966,-1.0
0.17601812936876654,0.07588828514576934,0.09447627857003532,-1.0
0.15944676840598665,0.4850165438370569,0.5920846889402345,-1.0
0.6553346865039282,0.4869033862552951,0.015406895748012739,-1.0
0.38813470608654216,0.13760312405539193,-0.04532937795394881,-1.0
0.5408715794259227,-0.261573651037675,0.6017619921354236,-1.0
0.16147746462473417,0.33720147680828044,0.3593539222057827,-1.0
0.5951177407065364,0.33666968216720733,0.3139335847600618,-1.0
-0.23334795943931003,0.2184080219452041,-0.14983099918295834,-1.0
0.4374337687214856,0.2122219208126745,0.3802277792083533,-1.0
-0.2583270993976157,-0.21520798395419677,0.41632338806268226,-1.0
-0.22791566400132662,-0.2287432722347414,-0.28789152476511254,-1.0
0.6565013982994801,0.43750835945900696,0.05325140850206417,-1.0
-0.0034644187123447634,0.049703229745849564,0.47465353118118186,-1.0
0.3613706110704144,-0.11480443213253205,-0.12589066466591564,-1.0
-0.20160435028660267,0.36030271970133815,0.46437266222173595,-1.0
-0.034953571674995965,-0.2790550389690872,-0.21782833252357264,-1.0
0.6678600348450305,-0.004555222522579727,0.4692231478381336,-1.0
0.3246635688542638,0.08193963965289591,-0.09431273780444488,-1.0
-0.17861358184059356,0.31501296803886664,0.474633780637788,-1.0
0.3439042535411307,0.23030213324915833,-0.2580487765683637,-1.0
0.6684887775943837,0.4987141916545746,-0.00717796329903525,-1.0
0.6799703293588506,0.3018815896363221,0.2824226582072465,-1.0
0.4480731794295321,0.5117697880901375,0.35647860733150266,-1.0
-0.17190425363379996,0.03826750599449841,0.6280836403260497,-1.0
-0.07538438815614806,0.07216702383751333,0.132076882944196,-1.0
0.1394049896944522,0.3129395824945255,0.6430758377447077,-1.0
-0.05930728816749503,-0.17849862369908193,-0.10252951014006267,-1.0
0.5869249002092696,0.345810812655206,-0.014093210760839858,-1.0
0.5159469389686173,0.561369996363436,0.546514338690278,-1.0
0.6189265336395544,-0.047758979826638404,0.4550419287462783,-1.0
0.16053949727414002,0.5419985528900615,0.4284906771616132,-1.0
0.47644744649972465,0.3561618376810715,-0.12257123053029312,-1.0
0.24502691889693834,0.6846697395245083,0.637388066497119,-1.0
-0.2568262642029883,-0.13518518427056286,-0.16827122654543808,-1.0
0.4259799099852955,0.517785329856945,-0.08648863368932808,-1.0
0.205852692951829,0.5407030280112,0.4328015447662506,-1.0
0.2422372054918483,0.2903476904587729,0.20836054691627998,-1.0
-0.0024515486811794163,0.2650219928590161,0.3888853020500907,-1.0
0.5733229158608077,0.3362913539792481,0.461121537043158,-1.0
-0.139928365045427,0.1615574744197899,-0.2906683801729067,-1.0
-0.05332113547837697,0.42646171511300485,0.6918099513493634,-1.0
-0.20082190041278408,0.10149431586128826,0.5000709686991596,-1.0
-0.09596436537110115,0.25508494930228626,0.4330712960296748,-1.0
0.31598545026017905,-0.11197526538458386,0.05538456868573943,-1.0
0.4837917844853972,0.25422651413201663,-0.29477038645708725,-1.0
0.46099076002809386,-0.2646886450597609,0.44573378273123215,-1.0
-0.09751943983476258,0.6580734801193802,0.06794075130208449,-1.0
0.026931616338079112,-0.1511119496675553,0.005604215490214892,-1.0
0.5766507618282006,0.6963343376272473,0.06830953050684835,-1.0
0.14861063095454258,0.42207093820273706,0.5861957804650746,-1.0
0.29304433418678416,0.09152569817782935,0.11262184084862376,-1.0
0.3956181464968069,-0.2967817363957213,0.3195893374598407,-1.0
0.055493010441357404,0.49419733127708426,-0.20700936017686783,-1.0
0.2882022669483905,0.18097288988612376,0.3423255259052274,-1.0
-0.23514640551703164,0.2799837874281313,0.26148458795952373,-1.0
0.26066009441617094,0.3034876665964548,0.37646793722636224,-1.0
0.5049889996807697,-0.030179279871785647,0.525049410180062,-1.0
0.19825568226345364,-0.22294172086566882,-0.2414490707560208,-1.0
0.03423831869606081,0.48489697711146756,0.40768093474091577,-1.0
0.48861496467240645,0.21726905644160938,0.14019899795549057,-1.0
-0.15254747329371604,0.02819275360931156,0.13401936617387528,-1.0
-0.21139957032038276,-0.07938804728878873,0.2982252940637388,-1.0
0.43566311423918985,0.6983475113929496,0.6331133313435577,-1.0
0.34256519953519154,0.12124805329407201,0.33617736470823273,-1.0
0.485651618080232,-0.18166380907661267,0.10990488969628825,-1.0
0.5398022856356173,0.08383295193304402,0.27187227122718655,-1.0
0.28776936086219823,-0.11552374686636063,0.06223544165228839,-1.0
0.034511288741932156,-0.2738032914679352,-0.27580823610864474,-1.0
0.5316970436757735,-0.026929190027187577,0.21807876623881545,-1.0
-0.0012744264112269366,0.6406792451153405,-0.04070324113422624,-1.0
0.1296568127389351,0.5727302504846019,0.5419335667918086,-1.0
-0.11389858215372267,0.5026433097957104,0.15818688673789266,-1.0
0.18296887208535523,-0.1665200275840562,-0.21939848624287533,-1.0
0.4279393069737652,0.19646115235529976,0.13685070261517956,-1.0
0.42950822865239674,0.46551289899110976,-0.14109183233064643,-1.0
0.3102251494776413,-0.16464591772231446,0.4513750860290457,-1.0
0.35695515626713953,0.656614621083458,-0.2310419836435788,-1.0
-0.24294527884874567,-0.017812925306799843,-0.03829431626409402,-1.0
-0.05302120092800017,0.6062545805210366,-0.05045380015049389,-1.0
-0.02805027387136899,0.4593982624179637,0.14973984245054,-1.0
0.4767105569551812,-0.23463384243561475,0.18757119367338432,-1.0
-0.26638639981671736,-0.23734679654464547,0.606437453344411,-1.0
-0.16075462888240483,0.23242068227521712,0.11109560260070656,-1.0
0.04734332625884269,0.5998333456872724,-0.2781766032245105,-1.0
0.3637896861755891,0.6633944342135505,0.26016818346184195,-1.0
0.6368224620330918,-0.24774212071397622,0.11879331907416141,-1.0
-0.03984220903794883,0.4308209649807298,0.6812970904972466,-1.0
-0.04346993755575218,0.3541746014740745,-0.10190236724025986,-1.0
0.2653302545716099,0.1639324866883362,0.6720053296315371,-1.0
0.30852727269646657,0.049506372086818795,-0.18590421511206662,-1.0
-0.14875317126506543,-0.0746830700487649,-0.049033338659702,-1.0
0.5506160578411379,0.26122278828252493,0.22339091137436645,-1.0
-0.18523112813078252,0.5601396933494349,0.42281430320848373,-1.0
-0.2323316380999984,0.4078350972297687,0.24353821734264608,-1.0
-0.21827465425322173,0.15830064152865647,0.184696287130047,-1.0
-0.13422545983672424,0.6456981470002823,0.5499753714806619,-1.0
0.36902233732910833,0.1622955610006072,0.11176554158450852,-1.0
0.3509734671509542,0.24543186940690548,-0.23772689411811437,-1.0
0.2125026487703317,0.5064036172328394,0.15923987759695807,-1.0
-0.24804342244573158,0.4862781993840331,-0.0986362178640256,-1.0
-0.041379165111961214,-0.1352936465677041,0.030215064871497554,-1.0
0.45675150568863504,0.21938585950393735,-0.09511872584928743,-1.0
0.5778300781520409,0.5795818549515293,0.5705784250460069,-1.0
-0.06120378861846071,0.1512393441809881,0.684989656140875,-1.0
0.4720124763099904,-0.27283257877444017,-0.23479540873950794,-1.0
0.16393137681233277,0.6092202058615601,0.23870179795271423,-1.0
0.19781250803429024,-0.1945263000433694,0.35678010472429406,-1.0
0.5221031606002255,0.08042000750756234,0.4756118509253275,-1.0
0.6644766539008116,-0.0962335408723109,0.2233296311947413,-1.0
-0.01286204191542445,0.49285441903383936,0.2775933658811575,-1.0
0.33458241755030377,0.4979141596158941,0.0959704726624549,-1.0
0.6150900684070433,0.23302886724613997,-0.14204517716465198,-1.0
0.39589911816880247,0.4932613504382544,0.01676167706752668,-1.0
0.557179256998753,0.6061432547657664,-0.02309551262219106,-1.0
0.6835214727152221,-0.15928847195124157,-0.09798433159751002,-1.0
-0.11577516076197386,0.5939897100078704,0.3542925523249619,-1.0
-0.14789571677772712,0.140323418368349,0.31529802506980203,-1.0
-0.2165359150106167,0.5824163684073387,0.5036035354415351,-1.0
0.20520677357663825,0.6671266152591704,0.11776097927509971,-1.0
0.6841103190364979,0.3679199988036271,0.33467127325394147,-1.0
-0.134045104704215,0.581927758304644,0.12748968792061516,-1.0
-0.13776659421752063,-0.28739248002424095,0.2597556836383826,-1.0
0.22739962212267634,0.4193536223691586,0.5902580530178021,-1.0
-0.22059341535697047,0.43149649034036236,-0.11258805590241777,-1.0
0.5581770531571639,0.5190635138616562,0.2407937549855444,-1.0
0.41024279862331153,0.014350113183748403,0.17116789893281464,-1.0
0.5216368977104717,0.1592651971732139,0.0577982653254418,-1.0
0.1942124472502999,0.5282492524372184,0.03520804737087274,-1.0
-0.1262384068642562,0.4120140203307808,0.5259782127080819,-1.0
-0.19936252147646666,-0.060125887244055265,-0.1580280102390061,-1.0
0.04794141158216664,0.15035097890541266,0.4488263369633065,-1.0
0.35114758488167414,0.3209285674784312,0.052374946609654416,-1.0
0.54144755308476,0.17128716739816457,0.6791049380151546,-1.0
0.33414213829573686,-0.17373525843549725,0.376177562075434,-1.0
0.02510401543169899,0.38632719668609744,-0.23035885183759425,-1.0
-0.1251185628240406,0.5557372589057863,-0.0728204429764851,-1.0
0.5370411252429401,-0.020723911545589557,0.34288191005870766,-1.0
0.394150573509831,0.21265475314505294,0.005310676696731298,-1.0
-0.08735562362890387,-0.26681064543757377,0.003946401240723818,-1.0
0.353162790531283,0.6383048184484827,0.571204482263052,-1.0
0.4660647765353026,0.4884473432532987,0.36498490347599527,-1.0
-0.039713142433996984,0.6071950307058298,0.37073231190583406,-1.0
0.26044063098043996,-0.18901053078651892,0.14705554380642544,-1.0
0.1603582712019263,0.56456360952267,0.24664822018778848,-1.0
0.08040054897040966,0.6768003285106594,-0.18927940667368431,-1.0
0.12254842831194462,-0.2579753248285947,0.43990412076693036,-1.0
0.6180765521991507,-0.019962670449510556,0.558341676799121,-1.0
-0.007781769538102223,0.6107701616439152,0.45396190359678396,-1.0
0.5049067768414386,-0.2819934443995455,0.662810357074026,-1.0
0.4266709920703233,0.0047510953861333305,0.529394664858847,-1.0
-0.018478801585070037,0.572753839566128,-0.18741960958806297,-1.0
0.40368597746079576,0.24069847664491034,-0.20346552980455918,-1.0
-0.058106171741161006,-0.2875959637226852,0.16876796546450584,-1.0
0.0012652607600003862,0.2983574842977588,-0.0027621922913828034,-1.0
-8.088849301529644e-05,0.4431931987316034,-0.25185716402164654,-1.0
0.6028949951919873,0.5522638743911814,0.3678046832264065,-1.0
0.2932215701073843,0.5923024981396523,-0.11466982047128554,-1.0
-0.22103083780917138,-0.06048983009046188,0.4945782787001903,-1.0
-0.26532973327351667,0.28280683508348964,0.69543751619131,-1.0
0.5556960938375395,0.22144568904358947,-0.23635909071335764,-1.0
0.5313735143857099,0.29897850817721056,-0.18506700294043316,-1.0
-0.2061427151766438,0.6096268194365924,0.36920026293807845,-1.0
0.5292867993167556,0.5789789002822674,0.27177235204832223,-1.0
0.2174463517550413,0.1304274103209902,0.016946587791119294,-1.0
0.13459596085871178,0.4738796557301564,0.3019234310151316,-1.0
0.592523289954846,0.14338001437918774,0.30708957871875403,-1.0
0.3313075530919887,0.29169716230632553,0.40263377308551634,-1.0
-0.06256653162519371,0.21236377754579067,-0.19577519719165232,-1.0
0.08451132764481256,0.18766706862126442,0.3522242595454725,-1.0
0.6505310525862036,0.3006510665483559,0.4435939161765598,-1.0
0.20626605949520277,0.3341040313763313,-0.22906778386622656,-1.0
-0.045608419158153,0.06185309320513871,0.17249335500651358,-1.0
-0.25435125449761625,-0.1599759024466823,-0.02318569220869421,-1.0
0.6715326909010506,0.03134700710305077,0.18204105811208254,-1.0
-0.10390228726160705,0.31078007107576827,-0.019316784484025684,-1.0
-0.09300742156157321,0.21657262844597908,-0.29449420083957917,-1.0
-0.29233596735077466,-0.08093119089814221,-0.26327863749917885,-1.0
-0.1919742458693086,0.03886064933875161,0.5025856795798129,-1.0
0.27204864336930085,0.21266772595641642,-0.006511176791878348,-1.0
0.6317537194328164,0.09701504123719168,-0.2129072332042285,-1.0
0.3170665161178013,-0.18616160652339858,0.045223142801692096,-1.0
0.20741193871780889,0.5742225246851758,0.19354658034011868,-1.0
0.40225876603166427,0.6928168389990703,-0.16851088010201837,-1.0
-0.025268474480480474,0.09457607559764641,0.12182817853883138,-1.0
0.11102107526554578,0.6076110025565549,0.41403264446685645,-1.0
0.30790521409070376,0.009372717862782098,0.5237903842212948,-1.0
0.655060511484989,0.5211982825502266,-0.2984348948085271,-1.0
0.33640137018340704,-0.24886461855789926,-0.042392779666278135,-1.0
-0.2404752996522283,0.30379545294938776,0.3865899134926068,-1.0
-0.18551236193409487,0.0838388830449795,0.15623650895554203,-1.0
0.0690530217609166,-0.17897499951480694,0.11894779018747542,-1.0
0.45117804780841814,-0.22899233546674452,-0.21981998591809654,-1.0
0.054771291835984226,0.641725711618925,0.36857264672291407,-1.0
0.3786699566725648,0.06191999083786498,0.29366079120853844,-1.0
-0.2898688159722566,0.3360960464095422,0.6132869475762368,-1.0
0.3125734683448192,0.573698593466345,0.4239730554660938,-1.0
-0.17944158359630974,0.6024533072858418,-0.2335561556442251,-1.0
0.2339674725477638,-0.15786287620654232,-0.2882933892690959,-1.0
0.12203426012763902,-0.0049592923458437466,0.18600049379760303,-1.0
0.2771998867345508,-0.25626092769105263,-0.17699670487625435,-1.0
0.25864239645042536,0.04316735317265824,0.429173487549448,-1.0
0.3522916485919397,0.5456043629899068,0.3924928266692253,-1.0
0.12993107739014814,0.3729666223944324,-0.024618825744581463,-1.0
0.0063134987782126895,0.48898515992079333,0.14641951640158218,-1.0
0.4983803405183525,0.5224223736682785,0.5575623376612837,-1.0
0.6166352358412073,0.13098522051329625,0.018866818321138845,-1.0
0.28219874659411387,0.07117242343762759,0.30107416680023297,-1.0
0.4055858626438246,0.3884050184921369,0.07455288702012136,-1.0
-0.13313979830124717,0.13052933846220754,-0.15740585591809125,-1.0
0.5900970351838084,0.04587746073785742,-0.1455402527766762,-1.0
-0.2745522400942491,0.34582238628648426,0.33690231745474325,-1.0
0.04060416658129168,-0.22828811115234898,0.10962889489523203,-1.0
0.01121749506339359,0.37712063973500937,0.30577924945269036,-1.0
0.06459372819754,-0.08210744574500989,0.6880359661555919,-1.0
0.15400162119611488,0.38827423578023706,-0.1594470324216392,-1.0
0.1855896996593978,-0.2724632801305345,0.20545511791044996,-1.0
0.6640174071177023,0.08420671298580024,-0.2610039874250884,-1.0
-0.26904420908065646,0.0879867599468695,-0.13997506353680594,-1.0
-0.2766479036718141,0.45621361395017684,0.1585230088818907,-1.0
-0.010755228027345465,0.6000831830164808,-0.18386103979947438,-1.0
0.6559188289553193,0.013966717377352833,0.5884036723086812,-1.0
0.30294287647946155,0.5267073597414875,0.6840131632104642,-1.0
-0.011594562181254264,0.661135485407593,0.08948189490242037,-1.0
0.08551190473692233,0.0403871042545057,0.2414076073475852,-1.0
-0.1458549568215129,0.2537114853580112,0.24170481241000402,-1.0
0.46190181260487,0.5336499619375856,0.14044135031242405,-1.0
0.0023332493514937602,-0.04066510268290552,-0.10537616329512806,-1.0
-0.2423524178009751,0.04244797883471335,-0.029752307869216732,-1.0
0.6664173858664073,0.25770882625004393,0.04727703903050756,-1.0
0.280467600993696,-0.16080329865430448,0.14404374920220292,-1.0
0.32623432142106384,0.1888978317924514,0.10177880065432426,-1.0
0.6938483888996982,0.5803147621489271,0.3234059581594401,-1.0
0.2693773611822828,0.32066047982458407,-0.09868789217756674,-1.0
0.09513774326431862,-0.26054046710910067,0.17554603748682668,-1.0
0.2430245839576632,-0.0722502638967904,0.6640288471655138,-1.0
0.6094546109372421,0.4221432354559059,0.2333866287653626,-1.0
0.569969159647685,-0.16934765617653708,0.490509794274885,-1.0
-0.1751791860331517,0.49421066254940543,-0.024232431748643035,-1.0
0.577090581018189,0.6440420938253979,-0.15120403059488435,-1.0
0.16267560506539352,0.6809873781626852,0.18340743597314663,-1.0
0.5635475225145452,0.28873152213131986,0.07532990791960187,-1.0
-0.014216444474129786,-0.09677690891391272,0.46179819137769723,-1.0
0.08654050682302789,0.21127546220075116,0.19232548000118194,-1.0
0.27727902923313125,0.5655771456245522,0.6807393435834295,-1.0
0.10758420857381695,0.527518922106303,0.46452779465471766,-1.0
0.27352895145557327,0.6560471436119331,-0.0995254844715972,-1.0
-0.19073578969037858,0.5539619669554221,0.1391498166337483,-1.0
0.5469688542070605,0.593090205195415,-0.23754240638092855,-1.0
0.5834647629860608,0.1483190553694222,0.21043248900423223,-1.0
0.32659251109321025,0.6263826067300868,-0.28088390557023596,-1.0
0.1768434683178171,0.3877220424305607,0.42270695769822847,-1.0
0.392532431537108,-0.16556487059187813,-0.0006044116283187573,-1.0
0.05871552541701347,0.504437207679505,-0.021240127585446966,-1.0
-0.08929503613279682,0.6574480190380962,-0.2911367148865311,-1.0
0.6978208556819783,0.3768212988573956,0.5284692994491171,-1.0
-0.005380603653806826,-0.28568472233294,0.43786951856153006,-1.0
0.5341445970006757,0.44047613195351915,-0.1571497126991614,-1.0
0.4534279222569691,0.468922782107641,0.3585405156700549,-1.0
0.4661159327955862,0.5459214396777321,0.31360411423745843,-1.0
-0.21139528603032093,0.18762780966721088,-0.22235066532839493,-1.0
0.10754303103243085,0.10710648912562765,-0.2339901558597584,-1.0
0.04882053396947933,-0.18900190120868515,0.5082352100092222,-1.0
0.6476880259644708,-0.22768352474206138,0.6551152072917015,-1.0
0.22257659933674517,-0.00043432204612608993,-0.22313792472383648,-1.0
0.20062426807041783,0.4945155444907487,0.40708647726669817,-1.0
-0.24977398853602623,-0.22709816463209648,0.10287328263263712,-1.0
-0.004709505952056714,-0.06761567694395215,-0.018995501091286393,-1.0
0.5034827432968847,0.629228053631854,0.10510269452756643,-1.0
0.6061110021324971,0.02149570124788197,0.17643698634379162,-1.0
-0.07397100218400027,0.340476042175844,0.6789811151748089,-1.0
0.30349309604337865,0.05781408411354888,0.3478174459905284,-1.0
-0.17707932153461242,0.5886590802653986,0.20308395077983638,-1.0
0.14934974203964207,0.2858647884535192,0.32478386278940247,-1.0
-0.22822419377348696,0.3826172212234024,-0.058068319684470404,-1.0
0.4139526325065898,0.5225347943841967,0.5039585075525204,-1.0
0.25250096740788913,0.22016989231075118,-0.15712403866058827,-1.0
0.4753461504031356,-0.028590619553285623,0.19669542281794655,-1.0
-0.01572590707248328,-0.16617163700030685,0.3295576968917366,-1.0
-0.24566796517709616,0.4486452341262,0.017586795261116672,-1.0
-0.29986530699551467,0.2111291392372298,-0.25314809147239686,-1.0
-0.02383044217910052,0.4069764874557162,-0.23731037837813412,-1.0
0.5393384923560023,-0.2961800773414169,-0.05317613079809774,-1.0
0.44090405615207146,0.016270149729306793,-0.19810761193398646,-1.0
0.06023391880042789,-0.029606713615474456,0.5427119021605549,-1.0
0.013347917585143143,0.48893247177600724,0.5918721448107347,-1.0
0.13381741957652954,0.6099431438543921,0.07731805396319286,-1.0
0.6640784164901081,-0.21071047547442706,0.38701926650324275,-1.0
0.19381404045692868,0.08764880545564707,0.3327118787486009,-1.0
0.4038570916343312,-0.2956367303496909,-0.13304691125280127,-1.0
0.4130460506343187,0.3663854135782065,0.6660475051286772,-1.0
0.461037790250783,0.6507727077313381,0.40254050153480697,-1.0
-0.0019477913605568387,-0.19463507774914351,0.4818238633449356,-1.0
0.3441492214759159,-0.25181398760670376,0.060050465900978345,-1.0
0.6567998154842862,0.20040114571020123,0.13272913601970465,-1.0
0.157699605159294,-0.09111727599483627,0.06870717086479522,-1.0
0.06981325598717664,-0.2476449798125276,0.4675676285179183,-1.0
0.11650443190387899,0.5221798868164234,0.5503480011198953,-1.0
-0.08800594530134193,0.3573534821701286,0.17228180416298172,-1.0
0.5801567379214851,-0.08425932082354587,0.37781320031004423,-1.0
0.3077521222527226,-0.004698522428167207,-0.16339909634882738,-1.0
0.3516397604772766,0.4385974581323307,0.01562734376335001,-1.0
0.3448326040223138,0.09513090761150328,0.41320688328261773,-1.0
-0.10078472510594688,0.5902150026361743,-0.012590403534420258,-1.0
0.06778598775615291,-0.2419080479196502,-0.1884877876787236,-1.0
0.21586190271232814,-0.0324073232720285,0.5354802257421944,-1.0
-0.28530661134504615,0.0790940486719362,0.037345546769092686,-1.0
-0.28067236908239895,-0.17563160099948977,0.11364267491863528,-1.0
0.19286458444744664,0.10428974725486911,0.23093767841209384,-1.0
0.29513167490568154,-0.29007617887216436,0.1640951594535039,-1.0
0.6634992408875884,0.21903228012954873,0.3775422674589532,-1.0
0.011863857916883214,0.47399137815276254,0.4729214818761151,-1.0
0.22129604765413896,0.6760138232792137,-0.1744497852373466,-1.0
-0.283052335110419,0.470158211757096,0.5071555373648826,-1.0
-0.17979277087942375,-0.034417167041393915,-0.2824476366333711,-1.0
-0.006691389219435295,0.4731418739186715,0.21796052771257896,-1.0
0.0480955931682881,0.0717392949063303,-0.29864637428453183,-1.0
-0.00019947243476409193,0.3464587416379305,0.6741944438163572,-1.0
0.5470608269838995,-0.27640503535447086,0.5985606046748393,-1.0
0.48319841329862595,0.4803761235709804,0.1579957590035715,-1.0
0.09800529295450283,0.0029157288331926323,-0.2343051410456342,-1.0
-0.07176463650630088,-0.05339636502197537,0.1840770697102016,-1.0
0.447444406596694,0.17380982839794662,-0.24215555055283938,-1.0
0.6577898009882039,0.6427243190941123,0.4851895431484084,-1.0
0.6913279015642206,0.24448233280026294,0.662768350253206,-1.0
-0.22439495938324922,0.06568074826137132,-0.07461873199323416,-1.0
-0.10416691586572996,-0.1591970511073239,0.32241364156599667,-1.0
0.48132185574730507,0.27829839942036066,-0.15303729041179032,-1.0
0.511123769933471,0.3359547071637285,0.08816570612699554,-1.0
0.374130295536063,-0.040095020757167144,0.04519220849421052,-1.0
0.6174858431319903,-0.009495494328579601,0.1699882681579366,-1.0
0.5901411373960146,0.4077213502675275,-0.23779677383529724,-1.0
-0.15269695572102965,-0.29215840922808317,0.3309217902291634,-1.0
0.14767342541041834,-0.16572514909772446,0.6579341210567704,-1.0
0.2296597239456199,-0.05810670588711081,0.20060357115470756,-1.0
0.3796203327351078,-0.2237607820264355,-0.025296184952108003,-1.0
0.5069654908839936,0.15966487040266125,0.24657714203229492,-1.0
0.13281600220946926,-0.25610005735699487,-0.13425022017984406,-1.0
0.1455416387418909,-0.09081453459207217,-0.25002097134032125,-1.0
0.5436496640518238,0.6811925291641159,0.49314287399673945,-1.0
0.5537849217046671,-0.058022869682954614,0.6606269755131997,-1.0
-0.1030742955465716,0.6514298103618323,0.694819293965951,-1.0
0.41172280574604875,0.6811437317918219,0.2695397795671037,-1.0
-0.040458216823909654,0.13699588566562088,0.29356093537878597,-1.0
-0.226918437972985,0.3223432646172461,0.6811778367622945,-1.0
-0.10989235021627236,0.4925951162883833,0.6078987937796194,-1.0
0.6437015928202208,0.6601356044054472,0.22145963872147195,-1.0
0.6773079079915036,0.4573102071344389,-0.1383285637630381,-1.0
0.17690010646797,0.418331175372004,-0.052659684180916655,-1.0
0.34061518354888737,0.36660047904661924,-0.1373002561914341,-1.0
0.2650853124527563,0.4716269109786077,0.19889566453594193,-1.0
-0.28789688322389256,-0.2909615309207078,0.05702934397001219,-1.0
0.6261940684317819,-0.07132322039639122,0.33436368887168716,-1.0
-0.07792412930667941,0.02166998965954864,0.5480420896014839,-1.0
0.4288614422699469,-0.20460072268678936,0.12870202098643363,-1.0
-0.2708302363547355,0.180890146603009,0.3624340117010681,-1.0
-0.18149737640184843,-0.011115061090834322,0.09783662550215694,-1.0
0.6195310246560497,0.693255015422964,-0.25508870100438413,-1.0
0.46100792349539205,0.07172406640234325,0.09245818622948004,-1.0
0.4542649733470227,0.6184264321454087,0.6509285945025485,-1.0
0.2771225860383208,0.05712115930050282,0.48754908585877926,-1.0
-0.04899861673769973,0.26407402883351777,0.05857846152487317,-1.0
0.3566310737078761,-0.05960108710649309,-0.10840705426517422,-1.0
0.618239086675437,-0.1981963170504631,0.20595790773493167,-1.0
-0.07914721703699107,-0.26107003667433254,-0.2639811817085736,-1.0
-0.12477822789417264,0.5667703545060003,-0.01752125602297333,-1.0
0.6504591705752958,0.28162229298919356,0.1366141897687661,-1.0
0.2800888346694546,0.21669838522626778,0.45877625375732517,-1.0
-0.017503934027147727,0.05305039160030239,0.5940943025332508,-1.0
0.6464565131504054,0.5925582274864745,0.11944799395731359,-1.0
0.4803655030068817,0.1763357333010988,0.1975398521461022,-1.0
-0.09531989094271603,0.29113030325851647,-0.11386410224665205,-1.0
0.03156469906719378,0.5550302016199351,-0.09292419078914477,-1.0
-0.22884171482656718,-0.23099240738718368,0.640784520503108,-1.0
0.20692043796183462,0.10941207181701834,0.5108785810079184,-1.0
0.535825927910516,0.03219103311560462,0.39361805747379525,-1.0
0.4711228158518866,0.3546506868659545,-0.14840492519990062,-1.0
0.575883083517057,0.23909455273600871,-0.017527573629996296,-1.0
0.12522818543769393,-0.2624289096010926,-0.17213319877758243,-1.0
0.46554675051586086,-0.29998836524463385,0.11656582848229219,-1.0
0.22251018108558845,-0.2453655799990277,0.6730781629723328,-1.0
-0.07387466875032805,0.004198719636280879,0.003942512255027342,-1.0
-0.06958333788265009,-0.2985261779136886,0.42934479408799636,-1.0
0.6668454997992854,-0.07570651671495493,0.36304719180342243,-1.0
0.4418963269587151,0.5484253790905247,0.12262919701360914,-1.0
0.002930905640429249,0.02529513402303113,0.41262133309851284,-1.0
0.516779466505636,-0.11838603224339733,0.07094100815776522,-1.0
0.60194019674915,0.5066935196947393,0.6848584027624758,-1.0
0.45424825968208077,0.09319520102792228,0.2906378339946378,-1.0
0.3610142542473203,-0.22154418368287604,0.2444969591038651,-1.0
0.4093208284726096,-0.1326786959989396,0.48063171742555716,-1.0
0.28377278051411164,0.6522217856975947,-0.2575777017931083,-1.0
-0.03467386244453302,0.3015538792998241,-0.003440087794069291,-1.0
0.4144241640712422,0.459005282521931,-0.19748403593352554,-1.0
0.21385446420676774,0.2088905555910559,0.06928077021554108,-1.0
0.6329248625696722,0.5275063198732213,0.3972093819096368,-1.0
0.41432663573499756,0.1617161438131191,0.6209945210965759,-1.0
0.3945954272532854,0.42898106165581645,0.5616909037873452,-1.0
-0.025928410657808987,0.507070903866703,-0.10475939704350795,-1.0
0.04534195224488785,0.03561045426984272,0.6785254683891406,-1.0
0.5565372237479269,0.40116986159025975,0.42705676161539013,-1.0
0.2620727944025711,0.647090667108519,0.19625875288236155,-1.0
0.08051770986989454,-0.136964663068409,0.486205652261058,-1.0
0.43444393207559145,0.0843550385241349,-0.27480658604077063,-1.0
0.5389973277180107,-0.28858201654592636,0.40369977962905096,-1.0
0.670257109726057,0.13766132814820348,-0.06502659500404723,-1.0
0.4048710100433817,0.5171281420155851,0.24643031607784732,-1.0
0.6670352752561461,-0.24833127834203889,0.20479559830452815,-1.0
0.4184539473225501,0.562640471149179,-0.12074438809220994,-1.0
0.5000034817636814,0.2527070757185453,0.09655368198996322,-1.0
-0.16828497142090643,0.5652957589089125,-0.14272679182028464,-1.0
0.009787859209099248,-0.009954468037563113,0.5714140341908542,-1.0
